{"cameraMode":{"drawMode":0,"name":"Shaded","section":"Shading Mode"},"sceneLighting":true,"audioPlay":false,"sceneViewState":{"showFog":false,"showMaterialUpdate":false,"showSkybox":false,"showFlares":false,"showImageEffects":false,"showParticleSystems":true},"in2DMode":false,"pivot":{"x":10.671598434448243,"y":1.804509162902832,"z":11.130416870117188},"rotation":{"x":-0.36192893981933596,"y":0.3715241253376007,"z":-0.16010870039463044,"w":-0.8398467302322388},"size":22.0,"orthographic":false}