{"cameraMode":{"drawMode":0,"name":"Shaded","section":"Shading Mode"},"sceneLighting":false,"audioPlay":false,"sceneViewState":{"showFog":false,"showMaterialUpdate":false,"showSkybox":false,"showFlares":false,"showImageEffects":false,"showParticleSystems":true},"in2DMode":false,"pivot":{"x":12.093999862670899,"y":0.75,"z":40.81999969482422},"rotation":{"x":0.19615069031715394,"y":0.8017705678939819,"z":-0.36565151810646059,"w":0.43010225892066958},"size":6.17373514175415,"orthographic":false}