{"cameraMode":{"drawMode":0,"name":"Shaded","section":"Shading Mode"},"sceneLighting":true,"audioPlay":false,"sceneViewState":{"showFog":false,"showMaterialUpdate":false,"showSkybox":false,"showFlares":false,"showImageEffects":false,"showParticleSystems":true},"in2DMode":false,"pivot":{"x":20.358745574951173,"y":13.104497909545899,"z":-0.6005029082298279},"rotation":{"x":0.032692600041627887,"y":0.8021860122680664,"z":-0.5945442318916321,"w":0.044112563133239749},"size":4.433233261108398,"orthographic":false}