{"cameraMode":{"drawMode":0,"name":"Shaded","section":"Shading Mode"},"sceneLighting":true,"audioPlay":false,"sceneViewState":{"showFog":false,"showMaterialUpdate":false,"showSkybox":false,"showFlares":false,"showImageEffects":false,"showParticleSystems":true},"in2DMode":false,"pivot":{"x":20.28016471862793,"y":-71.3149185180664,"z":-18.20738983154297},"rotation":{"x":0.0009494489640928805,"y":0.8621100187301636,"z":-0.5067178010940552,"w":0.0016141958767548204},"size":106.040283203125,"orthographic":false}