{"cameraMode":{"drawMode":0,"name":"Shaded","section":"Shading Mode"},"sceneLighting":true,"audioPlay":false,"sceneViewState":{"showFog":false,"showMaterialUpdate":false,"showSkybox":false,"showFlares":false,"showImageEffects":false,"showParticleSystems":true},"in2DMode":false,"pivot":{"x":12.039999961853028,"y":1.1100001335144044,"z":-9.739999771118164},"rotation":{"x":-0.24427397549152375,"y":-0.49067047238349917,"z":0.14552178978919984,"w":-0.8236480951309204},"size":4.733233451843262,"orthographic":false}