{"cameraMode":{"drawMode":0,"name":"Shaded","section":"Shading Mode"},"sceneLighting":true,"audioPlay":false,"sceneViewState":{"showFog":false,"showMaterialUpdate":false,"showSkybox":false,"showFlares":false,"showImageEffects":false,"showParticleSystems":true},"in2DMode":false,"pivot":{"x":20.83123779296875,"y":0.6759258508682251,"z":16.283428192138673},"rotation":{"x":-0.43113788962364199,"y":-0.022109584882855417,"z":0.010566908866167069,"w":-0.9019532203674316},"size":22.0,"orthographic":false}