{"cameraMode":{"drawMode":0,"name":"Shaded","section":"Shading Mode"},"sceneLighting":true,"audioPlay":false,"sceneViewState":{"showFog":false,"showMaterialUpdate":false,"showSkybox":false,"showFlares":false,"showImageEffects":false,"showParticleSystems":true},"in2DMode":false,"pivot":{"x":-3.9484190940856935,"y":-1.4720878601074219,"z":-0.06441378593444824},"rotation":{"x":-0.1946008950471878,"y":0.7344748377799988,"z":-0.23592834174633027,"w":-0.6058177351951599},"size":65.97176361083985,"orthographic":false}