{"cameraMode":{"drawMode":0,"name":"Shaded","section":"Shading Mode"},"sceneLighting":true,"audioPlay":false,"sceneViewState":{"showFog":false,"showMaterialUpdate":false,"showSkybox":false,"showFlares":false,"showImageEffects":false,"showParticleSystems":true},"in2DMode":false,"pivot":{"x":20.4185791015625,"y":1.6368814706802369,"z":19.186174392700197},"rotation":{"x":0.1231645718216896,"y":0.8744562268257141,"z":-0.3644646108150482,"w":0.2955034375190735},"size":12.315771102905274,"orthographic":false}