{"cameraMode":{"drawMode":0,"name":"Shaded","section":"Shading Mode"},"sceneLighting":true,"audioPlay":false,"sceneViewState":{"showFog":false,"showMaterialUpdate":false,"showSkybox":false,"showFlares":false,"showImageEffects":false,"showParticleSystems":true},"in2DMode":false,"pivot":{"x":14.727835655212403,"y":22.03472900390625,"z":47.458396911621097},"rotation":{"x":-0.4273624122142792,"y":-0.5669001936912537,"z":0.44164228439331057,"w":-0.5485778450965881},"size":4.0578837394714359,"orthographic":false}