{"cameraMode":{"drawMode":0,"name":"Shaded","section":"Shading Mode"},"sceneLighting":true,"audioPlay":false,"sceneViewState":{"showFog":false,"showMaterialUpdate":false,"showSkybox":false,"showFlares":false,"showImageEffects":false,"showParticleSystems":true},"in2DMode":false,"pivot":{"x":12.832416534423829,"y":-7.418407440185547,"z":27.336469650268556},"rotation":{"x":0.2609080672264099,"y":-0.6904640793800354,"z":0.29749032855033877,"w":0.6055459976196289},"size":34.031288146972659,"orthographic":false}