{"cameraMode":{"drawMode":0,"name":"Shaded","section":"Shading Mode"},"sceneLighting":false,"audioPlay":false,"sceneViewState":{"showFog":false,"showMaterialUpdate":false,"showSkybox":false,"showFlares":false,"showImageEffects":false,"showParticleSystems":true},"in2DMode":false,"pivot":{"x":7.2949395179748539,"y":-1.195070743560791,"z":2.9846744537353517},"rotation":{"x":-0.30214664340019228,"y":-0.2891407907009125,"z":0.09673111140727997,"w":-0.9031877517700195},"size":8.92374038696289,"orthographic":false}