{"cameraMode":{"drawMode":0,"name":"Shaded","section":"Shading Mode"},"sceneLighting":true,"audioPlay":false,"sceneViewState":{"showFog":false,"showMaterialUpdate":false,"showSkybox":false,"showFlares":false,"showImageEffects":false,"showParticleSystems":true},"in2DMode":false,"pivot":{"x":28.720264434814454,"y":9.280143737792969,"z":-12.418408393859864},"rotation":{"x":-0.2987944483757019,"y":0.5664071440696716,"z":-0.23104821145534516,"w":-0.7324763536453247},"size":2.120929479598999,"orthographic":false}