{"cameraMode":{"drawMode":0,"name":"Shaded","section":"Shading Mode"},"sceneLighting":false,"audioPlay":false,"sceneViewState":{"showFog":false,"showMaterialUpdate":false,"showSkybox":false,"showFlares":false,"showImageEffects":false,"showParticleSystems":true},"in2DMode":false,"pivot":{"x":19.809999465942384,"y":2.75,"z":32.11000061035156},"rotation":{"x":0.38124433159828188,"y":-0.3821820616722107,"z":0.17704851925373078,"w":0.8229480385780335},"size":2.8578836917877199,"orthographic":false}